"","LAESTAB","Ofstedphase","Easting","Northing","Academy","DistrictAdministrativecode","LSOAcode","LACode","IDACI","num_pupils","bad_out_chance","good_out_chance","URN","Schoolname","Typeofeducation","Region","Localauthority","Publicationdate","Overalleffectiveness","Previouspublicationdate","Previousfullinspectionoveralleffectiveness","daysbetween"
"1",9372001,"Primary",431195,293633,"0","E07000218","E01031008",937,"4",120,0.287311258410312,0.712688741589688,125500,"Nursery Hill Primary School","Community School","West Midlands","Warwickshire",2019-12-12,3,2016-06-21,2,1269
"2",9372017,"Primary",419344,264669,"0","E07000221","E01031195",937,"1",202,0.226493800917957,0.773506199082043,125507,"Claverdon Primary School","Community School","West Midlands","Warwickshire",2014-04-09,2,2009-03-19,2,1847
"3",9372021,"Primary",433698,284488,"0","E07000219","E01032588",937,"3",213,0.347721818717586,0.652278181282414,125510,"Wheelwright Lane Primary School","Community School","West Midlands","Warwickshire",2013-01-22,2,2008-07-09,2,1658
"4",9372024,"Primary",411146,259130,"0","E07000221","E01031208",937,"2",101,0.275284170298356,0.724715829701644,125511,"Great Alne Primary School","Community School","West Midlands","Warwickshire",2013-11-26,2,2012-05-29,3,546
"5",9372028,"Primary",432531,293952,"0","E07000218","E01031030",937,"4",539,0.432825396825397,0.567174603174603,125512,"Michael Drayton Junior School","Community School","West Midlands","Warwickshire",2016-05-09,2,2014-04-30,3,740
"6",9372029,"Primary",432636,293642,"0","E07000218","E01031030",937,"4",265,0.41685507936508,0.583144920634921,125513,"Nathaniel Newton Infant School","Community School","West Midlands","Warwickshire",2014-11-28,2,2010-05-17,2,1656
"7",9372032,"Primary",424679,295941,"0","E07000218","E01031032",937,"4",207,0.385392777777778,0.614607222222222,125515,"Hurley Primary School","Community School","West Midlands","Warwickshire",2014-06-13,2,2010-05-14,2,1491
"8",9372043,"Primary",417756,247211,"0","E07000221","E01031212",937,"1",208,0.255799356473513,0.744200643526487,125519,"Quinton Primary School","Community School","West Midlands","Warwickshire",2013-07-10,2,2011-09-13,3,666
"9",9372046,"Primary",421306,259910,"0","E07000221","E01031217",937,"1",101,0.2643509437751,0.7356490562249,125521,"Snitterfield Primary School","Community School","West Midlands","Warwickshire",2014-04-29,2,2009-03-02,2,1884
"10",9372052,"Primary",420039,256022,"0","E07000221","E01031228",937,"2",373,0.320391313155499,0.679608686844501,125525,"Thomas Jolyffe Primary School","Community School","West Midlands","Warwickshire",2019-01-06,2,2013-10-03,2,1921
"11",9372053,"Primary",420982,254156,"0","E07000221","E01031225",937,"1",398,0.258150290197504,0.741849709802496,125526,"Bridgetown Primary School","Community School","West Midlands","Warwickshire",2013-01-11,2,2011-02-16,3,695
"12",9372055,"Primary",407193,263832,"0","E07000221","E01031239",937,"2",172,0.266649249663435,0.733350750336565,125527,"Studley Community Infants' School","Community School","West Midlands","Warwickshire",2013-06-13,2,2010-03-05,2,1196
"13",9372064,"Primary",434926,255940,"0","E07000221","E01031207",937,"4",44,0.416030476190476,0.583969523809524,125530,"Lighthorne Heath Primary School","Community School","West Midlands","Warwickshire",2012-10-19,2,2010-07-13,3,829
"14",9372103,"Primary",435851,291202,"0","E07000219","E01031119",937,"4",209,0.40258126984127,0.59741873015873,125537,"Chilvers Coton Community Infant School","Community School","West Midlands","Warwickshire",2016-02-25,2,2014-02-26,3,729
"15",9372107,"Primary",431788,292287,"0","E07000219","E01031083",937,"3",155,0.318012896825397,0.681987103174603,125539,"Galley Common Infant School","Community School","West Midlands","Warwickshire",2010-12-14,1,2008-02-25,2,1023
"16",9372123,"Primary",438116,289642,"0","E07000219","E01031056",937,"2",268,0.250440245461599,0.749559754538401,125545,"Whitestone Infant School","Community School","West Midlands","Warwickshire",2011-05-26,1,2008-07-03,2,1057
"17",9372307,"Primary",429527,271569,"0","E07000222","E01031307",937,"1",173,0.256396578695735,0.743603421304265,125550,"Thorns Community Infant School","Community School","West Midlands","Warwickshire",2013-03-20,2,2008-02-18,2,1857
"18",9372308,"Primary",428217,271250,"0","E07000222","E01031304",937,"1",216,0.2074859437751,0.7925140562249,125551,"Clinton Primary School","Community School","West Midlands","Warwickshire",2019-06-12,1,2014-04-11,2,1888
"19",9372309,"Primary",430053,272413,"0","E07000222","E01031298",937,"1",247,0.24771576638798,0.75228423361202,125552,"Park Hill Junior School","Community School","West Midlands","Warwickshire",2011-10-31,2,2009-06-15,3,868
"20",9372312,"Primary",432523,265049,"0","E07000222","E01031337",937,"2",226,0.269198934657708,0.730801065342292,125554,"Clapham Terrace Community Primary School and Nursery","Community School","West Midlands","Warwickshire",2014-02-05,2,2012-11-23,3,439
"21",9372315,"Primary",432824,268281,"0","E07000222","E01031287",937,"1",342,0.163495674001485,0.836504325998515,125556,"Telford Junior School","Community School","West Midlands","Warwickshire",2019-09-06,3,2013-11-26,2,2110
"22",9372322,"Primary",427943,264762,"0","E07000222","E01031324",937,"3",170,0.362448009193777,0.637551990806223,125559,"Westgate Primary School","Community School","West Midlands","Warwickshire",2014-03-19,2,2012-06-15,2,642
"23",9372324,"Primary",432406,263882,"0","E07000222","E01031327",937,"3",271,0.351138485384253,0.648861514615747,125560,"Whitnash Primary School","Community School","West Midlands","Warwickshire",2013-10-10,2,2012-03-29,3,560
"24",9372325,"Primary",427299,263876,"0","E07000222","E01033255",937,"3",423,0.349709913955681,0.650290086044319,125561,"Newburgh Primary School","Community School","West Midlands","Warwickshire",2015-02-25,2,2012-06-27,2,973
"25",9372326,"Primary",432969,268238,"0","E07000222","E01031287",937,"1",267,0.25371576638798,0.74628423361202,125562,"Telford Infant School","Community School","West Midlands","Warwickshire",2014-03-19,2,2011-09-13,2,918
"26",9372327,"Primary",432639,263168,"0","E07000222","E01031330",937,"1",267,0.234944020356234,0.765055979643766,125563,"Briar Hill Infant School","Community School","West Midlands","Warwickshire",2014-03-20,1,2009-04-23,2,1792
"27",9372330,"Primary",430458,266418,"0","E07000222","E01031292",937,"1",408,0.251191956864171,0.748808043135829,125565,"Brookhurst Primary School","Community School","West Midlands","Warwickshire",2014-11-12,2,2010-04-01,2,1686
"28",9372332,"Primary",429608,265694,"0","E07000222","E01031309",937,"2",159,0.267856912128266,0.732143087871734,125566,"Emscote Infant School","Community School","West Midlands","Warwickshire",2013-05-02,1,2010-04-16,2,1112
"29",9372405,"Primary",447577,276091,"0","E07000220","E01031165",937,"3",492,0.375969913955681,0.624030086044319,125570,"Long Lawford Primary School","Community School","West Midlands","Warwickshire",2019-03-04,2,2012-06-13,1,2455
"30",9372410,"Primary",452571,274568,"0","E07000220","E01031158",937,"2",174,0.247706871165644,0.752293128834356,125573,"Abbots Farm Infant School","Community School","West Midlands","Warwickshire",2017-01-19,2,2014-11-06,3,805
"31",9372415,"Primary",451919,274825,"0","E07000220","E01031157",937,"2",237,0.252484648943422,0.747515351056578,125575,"Eastlands Primary School","Community School","West Midlands","Warwickshire",2013-03-07,2,2010-07-13,3,968
"32",9372417,"Primary",450717,275648,"0","E07000220","E01031174",937,"3",238,0.346328961574729,0.653671038425271,125576,"Northlands Primary School","Community School","West Midlands","Warwickshire",2015-12-02,2,2013-11-11,3,751
"33",9372420,"Primary",448346,273574,"0","E07000220","E01031136",937,"2",168,0.254849728308501,0.745150271691499,125579,"Bilton Infant School","Community School","West Midlands","Warwickshire",2017-05-08,2,2012-07-16,2,1757
"34",9372421,"Primary",452601,274512,"0","E07000220","E01031158",937,"2",264,0.237130721652075,0.762869278347925,125580,"Abbots Farm Junior School","Community School","West Midlands","Warwickshire",2015-05-11,1,2013-05-17,3,724
"35",9372423,"Primary",449094,273123,"0","E07000220","E01031178",937,"2",151,0.253817982276755,0.746182017723245,125581,"Bawnmore Community Infant School","Community School","West Midlands","Warwickshire",2012-03-30,2,2007-02-20,2,1865
"36",9372569,"Primary",419691,289887,"0","E07000218","E01031019",937,"2",118,0.251747785144139,0.748252214855861,125584,"High Meadow Community School","Community School","West Midlands","Warwickshire",2010-07-05,1,2007-01-16,1,1266
"37",9372571,"Primary",434880,285740,"0","E07000219","E01031079",937,"3",177,0.221107713395783,0.778892286604217,125585,"St Giles Junior School","Community School","West Midlands","Warwickshire",2019-09-10,3,2014-07-16,2,1882
"38",9372581,"Primary",438012,289320,"0","E07000219","E01031056",937,"2",352,0.195384562890374,0.804615437109626,125591,"Chetwynd Junior School","Community School","West Midlands","Warwickshire",2018-02-13,3,2013-03-06,2,1805
"39",9372585,"Primary",434784,290761,"0","E07000219","E01031048",937,"4",268,0.406736031746032,0.593263968253968,125595,"Glendale Infant School","Community School","West Midlands","Warwickshire",2018-06-11,2,2014-10-24,2,1326
"40",9372590,"Primary",451473,277144,"0","E07000220","E01031137",937,"3",464,0.366436104431872,0.633563895568128,125598,"Boughton Leigh Junior School","Community School","West Midlands","Warwickshire",2014-07-10,2,2012-11-16,3,601
"41",9372598,"Primary",451473,277144,"0","E07000220","E01031137",937,"3",259,0.355614675860443,0.644385324139557,125603,"Boughton Leigh Infant School","Community School","West Midlands","Warwickshire",2012-07-19,2,2006-10-20,2,2099
"42",9372601,"Primary",434567,291380,"0","E07000219","E01031060",937,"4",309,0.392343174603175,0.607656825396825,125605,"Croft Junior School","Community School","West Midlands","Warwickshire",2020-02-26,2,2014-10-02,2,1973
"43",9372603,"Primary",418397,255694,"0","E07000221","E01031238",937,"2",230,0.286343694107879,0.71365630589212,125607,"Bishopton Primary School","Community School","West Midlands","Warwickshire",2013-02-28,2,2011-05-04,3,666
"44",9372605,"Primary",427691,273074,"0","E07000222","E01031254",937,"1",211,0.226670388219545,0.773329611780455,125609,"Priors Field Primary School","Community School","West Midlands","Warwickshire",2015-05-13,2,2013-07-19,3,663
"45",9372606,"Primary",431291,266526,"0","E07000222","E01031294",937,"1",323,0.251549099721313,0.748450900278687,125610,"Milverton Primary School","Community School","West Midlands","Warwickshire",2014-12-16,2,2009-12-11,2,1831
"46",9372614,"Primary",435724,287416,"0","E07000219","E01031105",937,"4",162,0.413053492063492,0.586946507936508,125616,"Race Leys Infant School","Community School","West Midlands","Warwickshire",2014-04-08,2,2009-07-07,2,1736
"47",9372616,"Primary",451815,277645,"0","E07000220","E01031139",937,"2",214,0.254151315610089,0.745848684389911,125618,"Brownsover Community Infant School","Community School","West Midlands","Warwickshire",2019-02-07,2,2013-09-27,2,1959
"48",9372618,"Primary",417616,290682,"0","E07000218","E01031041",937,"2",321,0.297244487758673,0.702755512241327,125620,"Water Orton Primary School","Community School","West Midlands","Warwickshire",2014-10-23,2,2013-01-10,3,651
"49",9373002,"Primary",422216,255326,"0","E07000221","E01031227",937,"1",204,0.231771578695735,0.768228421304265,125623,"Alveston CofE Primary School","Voluntary Controlled School","West Midlands","Warwickshire",2012-07-02,2,2006-12-21,2,2020
"50",9373011,"Primary",409669,252098,"0","E07000221","E01031192",937,"2",316,0.305232582996768,0.694767417003231,125625,"Bidford-on-Avon CofE Primary School","Voluntary Controlled School","West Midlands","Warwickshire",2011-06-30,2,2008-05-09,2,1147
"51",9373014,"Primary",430940,239367,"0","E07000221","E01031193",937,"1",78,0.286440229489386,0.713559770510614,125626,"Brailes CofE Primary School","Voluntary Controlled School","West Midlands","Warwickshire",2014-11-03,2,2010-07-05,2,1582
"52",9373024,"Primary",426995,248974,"0","E07000221","E01031196",937,"1",211,0.253646578695735,0.746353421304265,125631,"Ettington CofE Primary School","Voluntary Controlled School","West Midlands","Warwickshire",2011-03-24,2,2007-10-31,3,1240
"53",9373031,"Primary",425640,257065,"0","E07000221","E01031218",937,"1",83,0.313422372346529,0.686577627653471,125635,"Hampton Lucy CofE Primary School","Voluntary Controlled School","West Midlands","Warwickshire",2011-11-04,2,2009-04-02,3,946
"54",9373032,"Primary",437084,259911,"0","E07000221","E01031201",937,"1",203,0.237003721552878,0.762996278447122,125636,"Harbury CofE Primary School","Voluntary Controlled School","West Midlands","Warwickshire",2013-11-13,2,2009-03-18,2,1701
"55",9373035,"Primary",420958,243677,"0","E07000221","E01031246",937,"1",117,0.273865329740013,0.726134670259987,125637,"Ilmington CofE Primary School","Voluntary Controlled School","West Midlands","Warwickshire",2012-12-12,1,2008-06-09,2,1647
"56",9373040,"Primary",425615,252653,"0","E07000221","E01031196",937,"2",36,0.359577684137778,0.640422315862222,125639,"Loxley CofE Community Primary School","Voluntary Controlled School","West Midlands","Warwickshire",2012-10-22,2,2010-02-04,3,991
"57",9373041,"Primary",408564,266723,"0","E07000221","E01031213",937,"2",118,0.264006392520578,0.735993607479422,125640,"Mappleborough Green CofE Primary School","Voluntary Controlled School","West Midlands","Warwickshire",2012-11-15,2,2010-02-12,3,1007
"58",9373057,"Primary",418674,254622,"0","E07000221","E01031233",937,"2",90,0.336407186171371,0.663592813828628,125646,"Shottery St Andrew's CofE Primary School","Voluntary Controlled School","West Midlands","Warwickshire",2012-06-18,2,2009-03-20,2,1186
"59",9373068,"Primary",434052,244415,"0","E07000221","E01031247",937,"1",122,0.291781499330656,0.708218500669344,125649,"Tysoe CofE Primary School","Voluntary Controlled School","West Midlands","Warwickshire",2015-11-05,2,2013-10-14,3,752
"60",9373073,"Primary",428239,255486,"0","E07000221","E01031253",937,"1",391,0.252025290197504,0.747974709802496,125651,"Wellesbourne CofE Primary School","Voluntary Controlled School","West Midlands","Warwickshire",2013-04-12,2,2009-12-08,3,1221
"61",9373074,"Primary",414915,263222,"0","E07000221","E01031204",937,"1",108,0.253962054886211,0.746037945113788,125652,"Wootton Wawen CofE Primary School","Voluntary Controlled School","West Midlands","Warwickshire",2012-09-11,2,2009-03-02,3,1289
"62",9373101,"Primary",436307,290247,"0","E07000219","E01031116",937,"5",244,0.407037619047619,0.592962380952381,125653,"All Saints CofE Primary School and Nursery, Nuneaton","Voluntary Controlled School","West Midlands","Warwickshire",2016-03-01,2,2013-10-22,3,861
"63",9373103,"Primary",435670,292417,"0","E07000219","E01031044",937,"4",210,0.360356760374833,0.639643239625167,125654,"Abbey CofE Infant School","Voluntary Controlled School","West Midlands","Warwickshire",2014-02-07,1,2009-06-10,2,1703
"64",9373106,"Primary",433260,291306,"0","E07000219","E01031091",937,"3",447,0.38428134252711,0.61571865747289,125656,"St Paul's CofE Primary School, Nuneaton","Voluntary Controlled School","West Midlands","Warwickshire",2013-11-14,2,2011-11-07,3,738
"65",9373141,"Primary",431027,261081,"0","E07000222","E01031260",937,"1",209,0.252003721552878,0.747996278447122,125657,"Bishops Tachbrook CofE Primary School","Voluntary Controlled School","West Midlands","Warwickshire",2015-01-13,2,2010-01-13,2,1826
"66",9373144,"Primary",434496,268280,"0","E07000222","E01031279",937,"1",199,0.228003721552878,0.771996278447122,125660,"Cubbington CofE Primary School","Voluntary Controlled School","West Midlands","Warwickshire",2016-12-08,2,2014-09-09,3,821
"67",9373146,"Primary",429019,272174,"0","E07000222","E01031257",937,"1",407,0.231382433054647,0.768617566945353,125661,"St Nicholas CofE Primary School","Voluntary Controlled School","West Midlands","Warwickshire",2015-04-21,2,2011-03-22,2,1491
"68",9373147,"Primary",418859,271243,"0","E07000222","E01031282",937,"1",175,0.223684277108434,0.776315722891566,125662,"Lapworth CofE Primary School","Voluntary Controlled School","West Midlands","Warwickshire",2012-03-05,2,2006-11-03,2,1949
"69",9373152,"Primary",434241,264472,"0","E07000222","E01031302",937,"2",211,0.25405607751485,0.745943922485149,125665,"Radford Semele CofE Primary School","Voluntary Controlled School","West Midlands","Warwickshire",2015-07-08,2,2011-01-27,2,1623
"70",9373154,"Primary",429297,266054,"0","E07000222","E01031310",937,"2",230,0.26405607751485,0.735943922485149,125666,"All Saints' CofE Junior School","Voluntary Controlled School","West Midlands","Warwickshire",2018-06-18,2,2016-06-03,3,745
"71",9373157,"Primary",432612,263091,"0","E07000222","E01031330",937,"1",358,0.253549099721313,0.746450900278686,125667,"St. Margaret's CofE Junior School","Voluntary Controlled School","West Midlands","Warwickshire",2013-02-26,2,2010-09-13,3,897
"72",9373177,"Primary",452823,276341,"0","E07000220","E01031129",937,"2",221,0.227464054985409,0.772535945014591,125670,"Clifton-upon-Dunsmore CofE Primary School","Voluntary Controlled School","West Midlands","Warwickshire",2015-04-16,1,2011-02-16,1,1520
"73",9373192,"Primary",441121,275634,"0","E07000220","E01031154",937,"2",208,0.269722744181517,0.730277255818483,125676,"Wolston St Margaret's CofE Primary School","Voluntary Controlled School","West Midlands","Warwickshire",2013-03-21,2,2007-10-31,2,1968
"74",9373193,"Primary",442587,287753,"0","E07000220","E01031182",937,"1",176,0.235309887565699,0.764690112434301,125677,"Wolvey CofE Primary School","Voluntary Controlled School","West Midlands","Warwickshire",2019-09-11,3,2017-03-20,3,905
"75",9373204,"Primary",419256,254946,"0","E07000221","E01031232",937,"2",395,0.291212202641927,0.708787797358073,125681,"Holy Trinity CofE Primary School","Voluntary Controlled School","West Midlands","Warwickshire",2017-10-31,3,2015-11-09,3,722
"76",9373205,"Primary",448990,272910,"0","E07000220","E01031135",937,"2",418,0.270734648943422,0.729265351056578,125682,"Bilton CofE Junior School","Voluntary Controlled School","West Midlands","Warwickshire",2014-09-05,2,2012-11-26,3,648
"77",9373207,"Primary",423068,290698,"0","E07000218","E01031028",937,"2",204,0.245355598869784,0.754644401130216,125684,"Shustoke CofE Primary School","Voluntary Controlled School","West Midlands","Warwickshire",2011-11-24,2,2006-10-19,2,1862
"78",9373210,"Primary",423344,267459,"0","E07000222","E01031268",937,"1",194,0.228128721552878,0.771871278447122,125687,"The Ferncumbe CofE Primary School","Voluntary Controlled School","West Midlands","Warwickshire",2014-11-27,2,2009-12-30,2,1793
"79",9373301,"Primary",436440,286651,"0","E07000219","E01031097",937,"4",237,0.247789227758971,0.752210772241029,125688,"All Saints Bedworth C/E Primary School & Nursery","Voluntary Aided School","West Midlands","Warwickshire",2020-01-12,3,2015-01-12,2,1826
"80",9373302,"Primary",435485,286786,"0","E07000219","E01031063",937,"3",629,0.357866071428571,0.642133928571429,125689,"The Canons C of E Primary School","Voluntary Aided School","West Midlands","Warwickshire",2014-09-08,1,2013-03-20,4,537
"81",9373308,"Primary",433391,251194,"0","E07000221","E01031206",937,"2",195,0.266879954583408,0.733120045416591,125692,"Kineton CofE (VA) Primary School","Voluntary Aided School","West Midlands","Warwickshire",2017-04-05,2,2015-04-23,3,713
"82",9375205,"Primary",431170,255826,"0","E07000221","E01031252",937,"1",92,0.279491816790973,0.720508183209027,125693,"Moreton Morrell CofE Primary School","Foundation School","West Midlands","Warwickshire",2017-06-08,2,2012-03-02,2,1924
"83",9373313,"Primary",416393,257868,"0","E07000221","E01031187",937,"2",84,0.247633285390596,0.752366714609404,125696,"Wilmcote CofE (Voluntary Aided) Primary School","Voluntary Aided School","West Midlands","Warwickshire",2018-09-13,3,2014-03-18,2,1640
"84",9373371,"Primary",432709,266139,"0","E07000222","E01031271",937,"3",325,0.362769437765205,0.637230562234795,125701,"St Paul's CofE Primary School, Leamington Spa","Voluntary Aided School","West Midlands","Warwickshire",2017-09-11,2,2015-04-20,3,875
"85",9373391,"Primary",448142,271289,"0","E07000220","E01031147",937,"1",266,0.209245607657821,0.790754392342178,125703,"Dunchurch Boughton CofE (Voluntary Aided) Junior School","Voluntary Aided School","West Midlands","Warwickshire",2012-03-02,1,2007-05-10,2,1758
"86",9373503,"Primary",420161,288275,"0","E07000218","E01031022",937,"3",242,0.209205686211497,0.790794313788503,125707,"St Edward's Catholic Primary School","Voluntary Aided School","West Midlands","Warwickshire",2019-02-26,3,2015-01-21,2,1497
"87",9373505,"Primary",442049,261884,"0","E07000221","E01031222",937,"2",117,0.283758458467231,0.716241541532768,125708,"St Mary's Catholic Primary School, Southam","Voluntary Aided School","West Midlands","Warwickshire",2015-02-11,2,2013-02-08,3,733
"88",9373507,"Primary",407077,263622,"0","E07000221","E01031239",937,"2",221,0.247922388318742,0.752077611681258,125710,"St Mary's Catholic Primary School, Studley","Voluntary Aided School","West Midlands","Warwickshire",2011-07-12,1,2007-12-06,2,1314
"89",9373541,"Primary",428379,273187,"0","E07000222","E01031254",937,"1",200,0.213337054886211,0.786662945113789,125713,"St Augustine's Catholic Primary School","Voluntary Aided School","West Midlands","Warwickshire",2014-11-13,2,2010-07-22,2,1575
"90",9373542,"Primary",431646,265727,"0","E07000222","E01033253",937,"1",103,0.254892610441767,0.745107389558233,125714,"St Peter's Catholic Primary School","Voluntary Aided School","West Midlands","Warwickshire",2010-12-01,2,2007-12-10,3,1087
"91",9373543,"Primary",431677,264490,"0","E07000222","E01031261",937,"4",166,0.431692380952381,0.568307619047619,125715,"St Patrick's Catholic Primary School","Voluntary Aided School","West Midlands","Warwickshire",2017-12-06,2,2012-12-21,2,1811
"92",9373544,"Primary",433020,265193,"0","E07000222","E01031337",937,"3",234,0.303854166666667,0.696145833333333,125716,"St Anthony's Catholic Primary School","Voluntary Aided School","West Midlands","Warwickshire",2009-09-10,1,2006-07-17,2,1151
"93",9373545,"Primary",428329,265577,"0","E07000222","E01031321",937,"3",107,0.377801183796951,0.622198816203049,125717,"St Mary Immaculate Catholic Primary School","Voluntary Aided School","West Midlands","Warwickshire",2015-02-24,2,2013-03-18,3,708
"94",9373546,"Primary",433664,268310,"0","E07000222","E01031277",937,"3",157,0.38403134252711,0.61596865747289,125718,"Our Lady and St Teresa's Catholic Primary School","Voluntary Aided School","West Midlands","Warwickshire",2020-03-10,2,2015-07-03,2,1712
"95",9373547,"Primary",432388,263049,"0","E07000222","E01031331",937,"2",205,0.265167188625962,0.734832811374038,125719,"St Joseph's Catholic Primary School","Voluntary Aided School","West Midlands","Warwickshire",2014-03-06,2,2008-04-15,1,2151
"96",9373561,"Primary",439996,270912,"0","E07000220","E01031149",937,"2",112,0.26980607751485,0.730193922485149,125721,"Our Lady's Catholic Primary School, Princethorpe","Voluntary Aided School","West Midlands","Warwickshire",2012-04-18,2,2007-08-21,2,1702
"97",9373564,"Primary",453102,273498,"0","E07000220","E01031163",937,"2",200,0.230567982276755,0.769432017723245,125724,"English Martyrs Catholic Primary School","Voluntary Aided School","West Midlands","Warwickshire",2012-01-06,2,2009-06-03,2,947
"98",9373587,"Primary",427139,260842,"0","E07000222","E01031269",937,"1",189,0.212003721552878,0.787996278447122,125729,"Barford St Peter's CofE Primary School","Voluntary Aided School","West Midlands","Warwickshire",2014-11-24,2,2010-03-05,2,1725
"99",9374752,"Secondary",430671,266531,"0","E07000222","E01031292",937,"2",558,0.427543650793651,0.572456349206349,125756,"Trinity Catholic School","Voluntary Aided School","West Midlands","Warwickshire",2013-07-11,2,2009-12-31,3,1288
"100",9375201,"Primary",421812,263300,"0","E07000221","E01031217",937,"1",78,0.291589039013196,0.708410960986804,125760,"Wolverton Primary School","Foundation School","West Midlands","Warwickshire",2013-04-11,2,2007-10-01,2,2019
"101",9375202,"Primary",435943,290513,"0","E07000219","E01031116",937,"4",210,0.428910634920635,0.571089365079365,125761,"Middlemarch School","Foundation School","West Midlands","Warwickshire",2015-09-09,2,2012-04-17,2,1240
"102",9375203,"Primary",406807,253683,"0","E07000221","E01031189",937,"2",97,0.309974646488832,0.690025353511168,125762,"Dunnington CofE Primary School","Voluntary Aided School","West Midlands","Warwickshire",2013-04-15,2,2007-11-12,2,1981
"103",9375204,"Primary",448176,271260,"0","E07000220","E01031148",937,"1",175,0.209315308854465,0.790684691145535,125763,"Dunchurch Infant School","Foundation School","West Midlands","Warwickshire",2015-11-09,1,2011-02-16,2,1727
"104",9375400,"Secondary",449544,276564,"0","E07000220","E01031171",937,"3",1090,0.469166666666667,0.530833333333333,125764,"The Avon Valley School and Performing Arts College","Foundation School","West Midlands","Warwickshire",2013-12-04,2,2011-02-16,2,1022
"105",9377000,"Special",433641,284354,"0","E07000219","E01032588",937,"3",234,0.260173902894491,0.739826097105509,125794,"Exhall Grange Specialist School","Community Special School","West Midlands","Warwickshire",2014-06-18,2,2013-01-14,3,520
"106",9377028,"Special",428039,266285,"0","E07000222","E01031312",937,"1",123,0.23456746031746,0.76543253968254,125805,"Ridgeway School","Community Special School","West Midlands","Warwickshire",2014-11-24,2,2012-01-09,1,1050
"107",9377030,"Special",430224,264837,"0","E07000222","E01031315",937,"2",126,0.231496031746032,0.768503968253968,125806,"Round Oak School","Community Special School","West Midlands","Warwickshire",2013-12-17,2,2012-03-15,3,642
"108",9373216,"Primary",441764,252277,"0","E07000221","E01031198",937,"1",135,0.271114832663989,0.728885167336011,130379,"The Dassett CofE Primary School","Voluntary Controlled School","West Midlands","Warwickshire",2015-05-08,2,2013-05-09,3,729
"109",9372623,"Primary",428965,265152,"0","E07000222","E01031316",937,"2",651,0.301990680689454,0.698009319310546,130867,"Coten End Primary School","Community School","West Midlands","Warwickshire",2012-01-12,1,2007-02-26,2,1781
"110",9372622,"Primary",433354,264603,"0","E07000222","E01031334",937,"3",416,0.295258928571429,0.704741071428571,130868,"Sydenham Primary School","Community School","West Midlands","Warwickshire",2015-02-25,1,2011-02-07,1,1479
"111",9372621,"Primary",432691,267183,"0","E07000222","E01031274",937,"4",303,0.329757936507937,0.670242063492064,130869,"Lillington Primary School","Community School","West Midlands","Warwickshire",2019-09-02,4,2016-11-15,3,1021
"112",9372620,"Primary",428705,270951,"0","E07000222","E01031303",937,"1",261,0.228906242578456,0.771093757421544,130870,"St John's Primary School","Community School","West Midlands","Warwickshire",2014-03-07,2,2012-07-06,3,609
"113",9372638,"Primary",431586,264570,"0","E07000222","E01031261",937,"4",173,0.286742072765039,0.713257927234961,130872,"Kingsway Community Primary School","Community School","West Midlands","Warwickshire",2020-02-03,3,2017-09-05,4,881
"114",9373212,"Primary",438245,274222,"0","E07000220","E01031181",937,"3",180,0.39705515205092,0.602944847949081,130875,"Provost Williams CofE Primary School","Voluntary Controlled School","West Midlands","Warwickshire",2014-03-03,2,2012-08-16,3,564
"115",9373591,"Primary",451488,275635,"0","E07000220","E01031130",937,"3",326,0.376352771098538,0.623647228901462,130877,"St Andrew's Benn CofE (Voluntary Aided) Primary School","Voluntary Aided School","West Midlands","Warwickshire",2017-01-19,2,2014-11-26,3,785
"116",9373593,"Primary",446752,283064,"0","E07000220","E01031160",937,"1",308,0.248549099721313,0.751450900278686,130878,"The Revel CofE (Aided) Primary School","Voluntary Aided School","West Midlands","Warwickshire",2011-11-07,2,2009-06-02,3,888
"117",9373215,"Primary",428060,287260,"0","E07000218","E01031028",937,"2",149,0.263730598869784,0.736269401130216,130881,"Bournebrook CofE Primary School","Voluntary Controlled School","West Midlands","Warwickshire",2019-12-05,2,2008-02-29,1,4297
"118",9373214,"Primary",425515,243480,"0","E07000221","E01031245",937,"1",75,0.294231896156053,0.705768103843947,130882,"Newbold and Tredington CofE Primary School","Voluntary Controlled School","West Midlands","Warwickshire",2014-09-08,2,2012-11-20,3,657
"119",9373213,"Primary",449491,274879,"0","E07000220","E01031167",937,"3",235,0.211571487077298,0.788428512922702,130883,"St Matthew's Bloxam CofE Primary School","Voluntary Controlled School","West Midlands","Warwickshire",2019-04-08,3,2015-03-24,2,1476
"120",9373589,"Primary",446658,261018,"0","E07000221","E01031224",937,"1",197,0.225003721552878,0.774996278447122,130884,"St Lawrence CofE (Voluntary Aided) Primary School","Voluntary Aided School","West Midlands","Warwickshire",2016-03-22,2,2011-07-11,2,1716
"121",9372625,"Primary",451941,273799,"0","E07000220","E01031155",937,"1",577,0.260324972737186,0.739675027262814,130885,"Paddox Primary School","Community School","West Midlands","Warwickshire",2017-09-07,2,2010-03-26,1,2722
"122",9372626,"Primary",440252,277134,"0","E07000220","E01031151",937,"1",202,0.173829007334819,0.826170992665182,130886,"Binley Woods Primary School","Community School","West Midlands","Warwickshire",2019-10-10,3,2015-05-20,2,1604
"123",9372628,"Primary",453759,273785,"0","E07000220","E01031162",937,"2",326,0.234130721652075,0.765869278347925,130887,"Hillmorton Primary School","Community School","West Midlands","Warwickshire",2017-09-11,1,2013-03-21,2,1635
"124",9372629,"Primary",436471,290825,"0","E07000219","E01031116",937,"4",679,0.40918253968254,0.59081746031746,130889,"Wembrook Primary School","Community School","West Midlands","Warwickshire",2020-05-11,2,2017-12-21,3,872
"125",9372631,"Primary",437611,293895,"0","E07000219","E01031110",937,"1",421,0.274049099721313,0.725950900278686,130894,"Milby Primary School","Community School","West Midlands","Warwickshire",2015-11-05,2,2014-01-21,3,653
"126",9372632,"Primary",436640,293486,"0","E07000219","E01031112",937,"2",438,0.290294172752946,0.709705827247054,130895,"Weddington Primary School","Community School","West Midlands","Warwickshire",2019-05-09,2,2017-01-11,3,848
"127",9372633,"Primary",433405,286295,"0","E07000219","E01031088",937,"3",336,0.353805152050919,0.646194847949081,130896,"Newdigate Primary and Nursery School","Community School","West Midlands","Warwickshire",2015-02-04,2,2013-02-06,3,728
"128",9372634,"Primary",434415,285850,"0","E07000219","E01031089",937,"3",380,0.353805152050919,0.646194847949081,130897,"Goodyers End Primary School","Community School","West Midlands","Warwickshire",2017-12-12,2,2013-03-19,2,1729
"129",9372635,"Primary",435483,285835,"0","E07000219","E01031098",937,"3",191,0.221440325228394,0.778559674771606,130898,"Exhall Cedars Infant School","Community School","West Midlands","Warwickshire",2020-06-28,3,2014-07-10,2,2180
"130",9373590,"Primary",440844,273059,"0","E07000220","E01031150",937,"1",218,0.209245607657821,0.790754392342178,130910,"Knightlow CofE Primary School","Voluntary Aided School","West Midlands","Warwickshire",2012-11-08,1,2008-05-06,2,1647
"131",9372637,"Primary",432303,264649,"0","E07000222","E01031263",937,"4",219,0.410851111111111,0.589148888888889,130951,"Shrubland Street Community Primary School","Community School","West Midlands","Warwickshire",2014-06-20,2,2013-01-09,3,527
"132",9372640,"Primary",434219,292853,"0","E07000219","E01031075",937,"5",459,0.382295555555556,0.617704444444444,132059,"Camp Hill Primary School","Community School","West Midlands","Warwickshire",2017-06-29,2,2015-05-07,3,784
"133",9373596,"Primary",421506,296709,"0","E07000218","E01031033",937,"2",258,0.276688932203118,0.723311067796882,134924,"Kingsbury Primary School","Community School","West Midlands","Warwickshire",2017-09-11,2,2015-04-20,3,875
"134",9372083,"Primary",431153,297357,"0","E07000218","E01031013",937,"3",434,0.359971818717586,0.640028181282414,136061,"Outwoods Primary School","Community School","West Midlands","Warwickshire",2017-06-20,2,2015-04-27,3,785
"135",9376905,"Secondary",433847,290895,"1","E07000219","E01031050",937,"4",689,0.518687540769732,0.481312459230267,136158,"The Nuneaton Academy","Academy Sponsor Led","West Midlands","Warwickshire",2017-10-10,3,2016-04-28,4,530
"136",9374112,"Secondary",425794,301486,"1","E07000218","E01031039",937,"2",1526,0.228814556716996,0.771185443283004,136459,"The Polesworth School","Academy Converter","West Midlands","Warwickshire",2015-04-15,1,2008-01-15,1,2647
"137",9373598,"Primary",449956,274573,"0","E07000220","E01031167",937,"3",422,0.374686104431872,0.625313895568128,136507,"St Marie's Catholic Primary School and Nursery","Voluntary Aided School","West Midlands","Warwickshire",2015-03-06,2,2013-03-07,3,729
"138",9374241,"Secondary",452453,273521,"1","E07000220","E01031179",937,"1",1804,0.183555082217137,0.816444917782864,136587,"Ashlawn School","Academy Converter","West Midlands","Warwickshire",2013-12-18,1,2007-11-14,1,2226
"139",9375406,"Secondary",448684,272950,"1","E07000220","E01031134",937,"1",895,0.221645287404903,0.778354712595097,136595,"Rugby High School","Academy Converter","West Midlands","Warwickshire",2008-12-18,1,2006-03-02,1,1022
"140",9375407,"Secondary",408656,257782,"1","E07000221","E01031184",937,"1",1304,0.213884447296502,0.786115552703498,136622,"Alcester Grammar School","Academy Converter","West Midlands","Warwickshire",2009-03-26,1,2006-04-27,1,1064
"141",9375408,"Secondary",407039,263437,"1","E07000221","E01031241",937,"2",770,0.308766319150934,0.691233680849065,136786,"Studley High School","Academy Converter","West Midlands","Warwickshire",2011-12-06,1,2007-05-18,2,1663
"142",9375403,"Secondary",429748,264731,"1","E07000222","E01031315",937,"1",1659,0.298156006933446,0.701843993066554,136907,"Myton School","Academy Converter","West Midlands","Warwickshire",2018-03-19,2,2016-02-08,3,770
"143",9374233,"Secondary",420066,287490,"1","E07000218","E01031022",937,"3",1205,0.411186507936508,0.588813492063492,136986,"The Coleshill School","Academy Converter","West Midlands","Warwickshire",2016-06-13,2,2014-06-25,3,719
"144",9374108,"Secondary",415188,265384,"1","E07000221","E01031202",937,"1",643,0.294940476190476,0.705059523809524,136991,"Henley In Arden School","Academy Converter","West Midlands","Warwickshire",2013-12-18,2,2012-01-31,3,687
"145",9374000,"Secondary",436870,290203,"1","E07000219","E01031117",937,"4",820,0.505218253968254,0.494781746031746,137079,"The George Eliot School","Academy Sponsor Led","West Midlands","Warwickshire",2017-12-12,3,2014-06-24,2,1267
"146",9374240,"Secondary",409853,258044,"1","E07000221","E01031208",937,"2",605,0.353587301587302,0.646412698412698,137172,"Alcester Academy","Academy Converter","West Midlands","Warwickshire",2016-01-04,2,2013-10-15,3,811
"147",9374002,"Secondary",418959,254729,"1","E07000221","E01031233",937,"1",790,0.252145287404903,0.747854712595097,137235,"Stratford Girls' Grammar School","Academy Converter","West Midlands","Warwickshire",2009-03-19,1,2006-03-30,2,1085
"148",9374124,"Secondary",419228,255075,"1","E07000221","E01031232",937,"1",1504,0.287834578362017,0.712165421637983,137236,"Stratford Upon Avon School","Academy Converter","West Midlands","Warwickshire",2016-04-08,2,2014-02-14,3,784
"149",9372000,"Primary",448994,257579,"1","E07000221","E01031197",937,"1",80,0.243770928617372,0.756229071382628,137488,"The Priors School","Free School","West Midlands","Warwickshire",2015-06-08,2,2013-07-26,3,682
"150",9374192,"Secondary",433031,264229,"1","E07000222","E01031328",937,"3",792,0.379420634920635,0.620579365079365,137766,"Campion School","Academy Converter","West Midlands","Warwickshire",2014-12-20,2,2009-12-15,2,1831
"151",9374153,"Secondary",437036,292941,"1","E07000219","E01031112",937,"1",1425,0.204999080526519,0.795000919473481,137767,"Higham Lane School","Academy Converter","West Midlands","Warwickshire",2019-06-13,1,2013-11-06,2,2045
"152",9374190,"Secondary",427320,263602,"1","E07000222","E01033255",937,"2",1063,0.392426767676768,0.607573232323232,137770,"Aylesford School and Sixth Form College","Academy Converter","West Midlands","Warwickshire",2018-05-10,2,2012-10-22,2,2026
"153",9374004,"Secondary",436859,292166,"1","E07000219","E01031102",937,"4",826,0.47484126984127,0.52515873015873,137771,"Etone College","Academy Converter","West Midlands","Warwickshire",2017-03-30,2,2015-03-09,3,752
"154",9375401,"Secondary",433511,284988,"1","E07000219","E01031078",937,"3",985,0.388607142857143,0.611392857142857,137781,"Ash Green School","Academy Converter","West Midlands","Warwickshire",2013-06-10,2,2010-06-08,3,1098
"155",9372424,"Primary",448131,274337,"1","E07000220","E01031127",937,"3",154,0.23022148173464,0.76977851826536,137989,"Henry Hinde Infant School","Academy Converter","West Midlands","Warwickshire",2013-05-09,2,2007-12-12,1,1975
"156",9372003,"Primary",435625,287584,"1","E07000219","E01031109",937,"3",225,0.221443703956862,0.778556296043138,138431,"Race Leys Junior School","Academy Sponsor Led","West Midlands","Warwickshire",2019-03-11,2,2014-07-08,2,1707
"157",9375402,"Secondary",432698,293733,"1","E07000218","E01031030",937,"4",1000,0.538413731245923,0.461586268754077,138644,"Hartshill School","Academy Converter","West Midlands","Warwickshire",2019-11-18,3,2017-05-05,3,927
"158",9374113,"Secondary",425228,240851,"1","E07000221","E01031216",937,"1",554,0.288940476190476,0.711059523809524,138767,"Shipston High School","Academy Converter","West Midlands","Warwickshire",2015-02-27,2,2013-05-02,3,666
"159",9373311,"Primary",411339,270547,"1","E07000221","E01031244",937,"1",253,0.190706323619532,0.809293676380468,138909,"Tanworth-in-Arden CofE Primary School","Academy Converter","West Midlands","Warwickshire",2019-03-04,3,2014-10-01,1,1615
"160",9372010,"Primary",426118,300784,"1","E07000218","E01031026",937,"3",204,0.212554815067973,0.787445184932027,138912,"Dordon Primary School","Academy Sponsor Led","West Midlands","Warwickshire",2014-07-15,2,2012-10-24,3,629
"161",9372006,"Primary",449486,276540,"1","E07000220","E01031171",937,"4",235,0.308986689509752,0.691013310490248,138914,"Riverside Academy","Academy Sponsor Led","West Midlands","Warwickshire",2014-06-09,2,2011-07-07,3,1068
"162",9372008,"Primary",449780,274642,"1","E07000220","E01031167",937,"3",392,0.202193703956862,0.797806296043138,138915,"Oakfield Primary Academy","Academy Sponsor Led","West Midlands","Warwickshire",2016-07-11,2,2014-06-25,3,747
"163",9372619,"Primary",425792,301406,"1","E07000218","E01031026",937,"2",437,0.145919172932331,0.854080827067669,138934,"Birchwood Primary School","Academy Converter","West Midlands","Warwickshire",2014-10-02,1,2011-07-22,2,1168
"164",9372011,"Primary",426737,302612,"1","E07000218","E01031037",937,"2",275,0.135538220551378,0.864461779448622,139127,"The Nethersole CofE Academy","Academy Sponsor Led","West Midlands","Warwickshire",2015-04-24,2,2011-07-12,3,1382
"165",9377002,"Special",436675,290380,"1","E07000219","E01031116",937,"4",127,0.22698088023088,0.77301911976912,139468,"Oak Wood Primary School","Academy Special Converter","West Midlands","Warwickshire",2013-07-19,2,2010-04-19,2,1187
"166",9377046,"Special",436675,290380,"1","E07000219","E01031116",937,"4",153,0.22823088023088,0.77176911976912,139469,"Oak Wood Secondary School","Academy Special Converter","West Midlands","Warwickshire",2013-07-19,2,2010-01-19,2,1277
"167",9373595,"Primary",408990,258091,"1","E07000221","E01031185",937,"3",412,0.225050125313283,0.774949874686717,139518,"St Nicholas CofE Primary","Academy Converter","West Midlands","Warwickshire",2012-04-16,1,2008-12-05,2,1228
"168",9372012,"Primary",429440,289714,"0","E07000218","E01031005",937,"4",222,0.424339206349206,0.575660793650794,139913,"Arley Primary School","Community School","West Midlands","Warwickshire",2019-03-04,2,2016-11-11,3,843
"169",9374003,"Secondary",436815,286996,"1","E07000219","E01031095",937,"3",1218,0.40851746031746,0.59148253968254,139936,"Nicholas Chamberlaine School","Academy Sponsor Led","West Midlands","Warwickshire",2019-12-18,3,2015-07-13,2,1619
"170",9374005,"Secondary",431617,297410,"1","E07000218","E01031013",937,"3",657,0.362559523809524,0.637440476190476,139937,"The Queen Elizabeth Academy","Academy Sponsor Led","West Midlands","Warwickshire",2017-06-07,2,2013-04-15,3,1514
"171",9372015,"Primary",432112,291171,"1","E07000219","E01031090",937,"5",415,0.318240421455939,0.681759578544061,140004,"Park Lane Primary School","Academy Sponsor Led","West Midlands","Warwickshire",2019-11-26,2,2015-09-11,2,1537
"172",9373007,"Primary",429522,306669,"1","E07000218","E01031036",937,"2",90,0.173232664995823,0.826767335004177,140125,"Austrey CofE Primary School","Academy Converter","West Midlands","Warwickshire",2018-04-16,2,2016-04-07,3,739
"173",9373594,"Primary",447555,273947,"1","E07000220","E01032894",937,"1",403,0.181752093383748,0.818247906616252,140127,"Cawston Grange Primary School","Academy Converter","West Midlands","Warwickshire",2014-11-05,2,2012-11-09,2,726
"174",9372059,"Primary",415479,265937,"1","E07000221","E01031203",937,"3",140,0.254388148401306,0.745611851598694,140135,"Henley-In-Arden CofE Primary School","Academy Converter","West Midlands","Warwickshire",2018-11-11,2,2016-03-09,3,977
"175",9373047,"Primary",427929,307430,"1","E07000218","E01031036",937,"2",105,0.153232664995823,0.846767335004177,140139,"Newton Regis CofE Primary School","Academy Converter","West Midlands","Warwickshire",2015-07-17,2,2012-04-23,3,1180
"176",9373072,"Primary",428489,303623,"1","E07000218","E01031035",937,"2",159,0.15789933166249,0.84210066833751,140152,"Warton Nethersole's CofE Primary School","Academy Converter","West Midlands","Warwickshire",2015-07-03,2,2009-12-19,3,2022
"177",9372642,"Primary",427538,298377,"1","E07000218","E01031017",937,"3",201,0.216554815067973,0.783445184932027,140153,"Woodside CofE Primary School","Academy Converter","West Midlands","Warwickshire",2013-03-21,2,2011-02-03,3,777
"178",9372019,"Primary",431339,298103,"1","E07000218","E01031012",937,"3",299,0.217733386496544,0.782266613503456,140198,"Racemeadow Primary Academy","Academy Sponsor Led","West Midlands","Warwickshire",2017-07-17,2,2015-06-26,3,752
"179",9374006,"Secondary",449768,274117,"1","E07000220","E01031176",937,"2",716,0.364595238095238,0.635404761904762,140371,"Harris Church of England Academy","Academy Sponsor Led","West Midlands","Warwickshire",2018-09-20,3,2017-01-18,4,610
"180",9372022,"Primary",447921,274676,"1","E07000220","E01032895",937,"3",241,0.179812447786132,0.820187552213868,140372,"Henry Hinde Junior School","Academy Sponsor Led","West Midlands","Warwickshire",2018-12-11,3,2017-01-25,4,685
"181",9372023,"Primary",424059,298039,"1","E07000218","E01031031",937,"3",160,0.230999259512417,0.769000740487583,140418,"Wood End Primary School","Academy Sponsor Led","West Midlands","Warwickshire",2019-04-10,2,2017-02-15,4,784
"182",9372025,"Primary",435269,291706,"1","E07000219","E01031047",937,"4",336,0.272443038716101,0.727556961283899,140419,"Queen's Church of England Academy","Academy Sponsor Led","West Midlands","Warwickshire",2016-12-07,2,2013-01-15,4,1422
"183",9375200,"Primary",412004,257843,"1","E07000221","E01031187",937,"2",58,0.28881746031746,0.71118253968254,140530,"Tudor Grange Primary Academy, Haselor","Academy Converter","West Midlands","Warwickshire",2013-11-28,2,2012-01-09,3,689
"184",9372026,"Primary",439157,286976,"1","E07000219","E01031067",937,"2",211,0.165538220551378,0.834461779448622,140694,"St James' CofE Academy","Academy Sponsor Led","West Midlands","Warwickshire",2017-02-06,2,2013-05-21,4,1357
"185",9373592,"Primary",437677,292926,"1","E07000219","E01031104",937,"1",419,0.189902887034542,0.810097112965458,140878,"St Nicolas CofE Academy","Academy Converter","West Midlands","Warwickshire",2011-06-07,2,2008-06-11,1,1091
"186",9372027,"Primary",407243,263353,"1","E07000221","E01031239",937,"2",223,0.179573934837093,0.820426065162907,141000,"Studley St Mary's CofE Academy","Academy Sponsor Led","West Midlands","Warwickshire",2019-10-08,3,2017-06-21,3,839
"187",9372033,"Primary",425926,265026,"1","E07000222","E01031268",937,"1",213,0.182029871161526,0.817970128838474,141244,"Budbrooke Primary School","Academy Sponsor Led","West Midlands","Warwickshire",2017-10-10,2,2014-02-26,4,1322
"188",9372639,"Primary",428868,232563,"1","E07000221","E01031209",937,"1",90,0.221530327113613,0.778469672886387,141280,"Acorns Primary School","Academy Converter","West Midlands","Warwickshire",2010-10-05,2,2008-12-02,3,672
"189",9375206,"Primary",425634,240959,"1","E07000221","E01031215",937,"2",390,0.157673141186299,0.842326858813701,141281,"Shipston-on-Stour Primary School","Academy Converter","West Midlands","Warwickshire",2013-05-01,2,2010-07-05,1,1031
"190",9372035,"Primary",433911,293122,"1","E07000219","E01031073",937,"5",224,0.367882855914771,0.632117144085229,141747,"St Anne's Catholic Academy","Academy Sponsor Led","West Midlands","Warwickshire",2018-02-16,3,2014-03-19,3,1430
"191",9373501,"Primary",431723,297178,"1","E07000218","E01031014",937,"3",179,0.248888148401306,0.751111851598694,141812,"St Benedict's Catholic Primary Academy","Academy Converter","West Midlands","Warwickshire",2012-12-13,2,2008-01-09,2,1800
"192",9373502,"Primary",436094,287343,"1","E07000219","E01031064",937,"4",207,0.278931133954197,0.721068866045803,141817,"St Francis Catholic  Academy","Academy Converter","West Midlands","Warwickshire",2013-01-09,2,2011-01-27,3,713
"193",9373584,"Primary",436298,291307,"1","E07000219","E01031119",937,"3",537,0.225133458646617,0.774866541353384,141823,"Our Lady & St. Joseph Catholic Academy","Academy Converter","West Midlands","Warwickshire",2014-10-06,1,2010-04-19,2,1631
"194",9374803,"Secondary",435344,291162,"1","E07000219","E01031059",937,"3",1018,0.387257936507936,0.612742063492064,141836,"St Thomas More Catholic School and Sixth Form College","Academy Converter","West Midlands","Warwickshire",2012-10-22,2,2009-03-19,1,1313
"195",9375207,"Primary",428039,266285,"1","E07000222","E01031312",937,"2",432,0.131085839598997,0.868914160401002,141855,"Woodloes Primary School","Academy Converter","West Midlands","Warwickshire",2019-04-10,2,2014-06-16,2,1759
"196",9372039,"Primary",436764,287283,"1","E07000219","E01031095",937,"4",455,0.300806476045056,0.699193523954944,142021,"St Michael's Church of England Academy","Academy Sponsor Led","West Midlands","Warwickshire",2018-07-02,2,2014-03-28,4,1557
"197",9372041,"Primary",448918,275118,"1","E07000220","E01031168",937,"4",221,0.363978094010009,0.636021905989991,142022,"St Oswald's CofE Academy","Academy Sponsor Led","West Midlands","Warwickshire",2018-09-10,3,2014-06-25,4,1538
"198",9373180,"Primary",445270,267033,"1","E07000220","E01031166",937,"1",35,0.317383501716787,0.682616498283212,142149,"Leamington Hastings Church of England Academy","Academy Converter","West Midlands","Warwickshire",2014-12-19,2,2010-06-17,2,1646
"199",9374237,"Secondary",432144,268053,"1","E07000222","E01031278",937,"1",1460,0.277858387885827,0.722141612114173,142202,"North Leamington School","Academy Converter","West Midlands","Warwickshire",2014-03-10,2,2011-04-01,2,1074
"200",9372042,"Primary",419789,254613,"1","E07000221","E01031234",937,"1",217,0.201752093383748,0.798247906616252,142581,"Stratford-Upon-Avon Primary School","Academy Sponsor Led","West Midlands","Warwickshire",2019-01-10,1,2015-05-14,4,1337
"201",9372049,"Primary",443674,263702,"1","E07000221","E01031223",937,"1",99,0.225437595284039,0.774562404715961,143497,"Stockton Primary School","Academy Converter","West Midlands","Warwickshire",2016-12-14,2,2014-12-17,3,728
"202",9373508,"Primary",415507,265879,"1","E07000221","E01031203",937,"2",95,0.222129490392648,0.777870509607352,143631,"St Mary's Catholic Primary School","Academy Converter","West Midlands","Warwickshire",2013-01-10,2,2011-02-11,3,699
"203",9373500,"Primary",409006,258008,"1","E07000221","E01031185",937,"2",105,0.182871553884712,0.817128446115288,143632,"Our Lady's Catholic Primary School","Academy Converter","West Midlands","Warwickshire",2020-03-08,3,2014-05-06,2,2133
"204",9373506,"Primary",420311,255354,"1","E07000221","E01031229",937,"2",198,0.185982664995823,0.814017335004177,143633,"St Gregory's Catholic Primary School","Academy Converter","West Midlands","Warwickshire",2014-09-19,2,2011-06-13,2,1194
"205",9374730,"Secondary",409229,257717,"1","E07000221","E01031186",937,"1",767,0.328595238095238,0.671404761904762,143634,"St Benedict's Catholic High School","Academy Converter","West Midlands","Warwickshire",2020-06-10,3,2012-12-12,1,2737
"206",9374114,"Secondary",441444,262297,"1","E07000221","E01031220",937,"1",1702,0.208039209201264,0.791960790798737,143905,"Southam College","Academy Converter","West Midlands","Warwickshire",2014-05-01,1,2011-02-09,1,1177
"207",9372624,"Primary",441629,262127,"1","E07000221","E01031221",937,"2",308,0.180220760233918,0.819779239766082,143906,"Southam Primary School","Academy Converter","West Midlands","Warwickshire",2014-06-13,2,2013-02-27,3,471
"208",9372014,"Primary",439103,257804,"1","E07000221","E01031200",937,"1",162,0.243215373061817,0.756784626938183,144242,"Bishops Itchington Primary School","Academy Converter","West Midlands","Warwickshire",2015-01-08,2,2010-06-08,2,1675
"209",9377005,"Special",415108,265312,"1","E07000221","E01031203",937,"2",27,0.385884920634921,0.614115079365079,144633,"Arden Fields","Academy Special Sponsor Led","West Midlands","Warwickshire",2015-07-14,4,2013-12-20,3,571
"210",9374012,"Secondary",421569,296546,"1","E07000218","E01031033",937,"2",718,0.410619047619048,0.589380952380952,145019,"Kingsbury School - A Specialist Science and Mathematics Academy","Academy Sponsor Led","West Midlands","Warwickshire",2019-06-03,2,2013-11-29,3,2012
"211",9377023,"Special",449494,273918,"1","E07000220","E01031175",937,"2",202,0.188155483405483,0.811844516594517,145200,"Brooke School","Academy Special Converter","West Midlands","Warwickshire",2013-11-14,2,2011-02-10,2,1008
"212",9377047,"Special",420259,287704,"1","E07000218","E01031022",937,"3",204,0.214048340548341,0.78595165945166,145224,"Woodlands","Academy Special Converter","West Midlands","Warwickshire",2013-03-15,2,2010-01-14,2,1156
"213",9373143,"Primary",426728,275360,"1","E07000222","E01031254",937,"1",105,0.202937595284039,0.797062404715961,145391,"Burton Green Church of England Academy","Academy Converter","West Midlands","Warwickshire",2014-03-18,2,2009-07-08,2,1714
"214",9373588,"Primary",428966,268833,"1","E07000222","E01031284",937,"1",141,0.192604261950706,0.807395738049294,145392,"All Saints Church of England Academy","Academy Converter","West Midlands","Warwickshire",2015-04-15,2,2007-11-22,1,2701
"215",9373597,"Primary",450164,273902,"1","E07000220","E01031146",937,"4",221,0.363978094010009,0.636021905989991,145393,"Rokeby Primary School","Academy Converter","West Midlands","Warwickshire",2017-06-12,3,2015-05-22,3,752
"216",9372057,"Primary",407196,251515,"1","E07000221","E01031189",937,"3",43,0.381454873409419,0.618545126590581,145415,"Salford Priors CofE Academy","Academy Sponsor Led","West Midlands","Warwickshire",2016-11-09,4,2014-04-24,2,930
"217",9377044,"Special",420155,256147,"1","E07000221","E01031228",937,"1",181,0.215599927849928,0.784400072150072,145486,"Welcombe Hills School","Academy Special Converter","West Midlands","Warwickshire",2013-07-11,2,2010-06-08,2,1129
"218",9374014,"Secondary",447965,273993,"1","E07000220","E01032895",937,"2",951,0.352792735042735,0.647207264957265,145575,"Bilton School","Academy Sponsor Led","West Midlands","Warwickshire",2019-12-01,4,2016-03-10,4,1361
"219",9373021,"Primary",407949,260256,"1","E07000221","E01031213",937,"2",161,0.213796157059315,0.786203842940685,145711,"Coughton CofE Primary School","Academy Converter","West Midlands","Warwickshire",2015-06-01,2,2013-05-03,3,759
"220",9373066,"Primary",412298,254793,"1","E07000221","E01031188",937,"2",108,0.195077903091061,0.804922096908939,145712,"Temple Grafton CofE Primary School","Academy Converter","West Midlands","Warwickshire",2012-01-09,1,2007-02-26,2,1778
"221",9373211,"Primary",442046,264950,"1","E07000221","E01031211",937,"2",184,0.170804093567251,0.829195906432749,146149,"Long Itchington CofE Academy","Academy Converter","West Midlands","Warwickshire",2014-02-25,2,2011-02-18,2,1103
"222",9373585,"Primary",441928,262229,"1","E07000221","E01031220",937,"2",177,0.17244298245614,0.82755701754386,146151,"Southam St James CofE Academy","Academy Converter","West Midlands","Warwickshire",2016-10-12,3,2012-07-02,2,1563
"223",9373586,"Primary",419966,288539,"1","E07000218","E01031021",937,"3",389,0.222554815067973,0.777445184932027,146171,"Coleshill Church of England Primary School","Academy Converter","West Midlands","Warwickshire",2015-05-18,2,2013-05-10,3,738
"224",9372065,"Primary",431632,285206,"1","E07000219","E01031077",937,"4",133,0.394962809917356,0.605037190082645,146199,"Keresley Newland Primary Academy","Academy Sponsor Led","West Midlands","Warwickshire",2018-03-20,4,2014-01-21,3,1519
"225",9372502,"Primary",418151,292786,"1","E07000218","E01031023",937,"2",115,0.174288220551378,0.825711779448622,146457,"Curdworth Primary School","Academy Converter","West Midlands","Warwickshire",2011-11-23,2,2009-07-02,2,874
"226",9372610,"Primary",438208,252080,"1","E07000221","E01031194",937,"1",77,0.227770928617372,0.772229071382628,146691,"Temple Herdewyke Primary School","Academy Converter","West Midlands","Warwickshire",2013-03-08,2,2008-03-03,2,1831
"227",9374236,"Secondary",430077,272092,"1","E07000222","E01031298",937,"1",1820,0.208555082217137,0.791444917782864,146697,"Kenilworth School and Sixth Form","Academy Converter","West Midlands","Warwickshire",2013-03-01,1,2008-03-13,2,1814
"228",9374110,"Secondary",434146,251039,"1","E07000221","E01031205",937,"1",884,0.314573412698413,0.685426587301587,147432,"Kineton High School","Academy Converter","West Midlands","Warwickshire",2011-10-20,2,2008-10-10,3,1105
